{
  "n_train": 4320,
  "n_test": 1080,
  "pattern_accuracy": 0.40555555555555556,
  "token1_accuracy": 0.31851851851851853,
  "token2_accuracy": 0.5592592592592592,
  "cv_pattern_mean": 0.3014814814814815,
  "cv_pattern_std": 0.09421650052508539,
  "cv_token1_mean": 0.2687037037037037,
  "cv_token1_std": 0.05567702769450231
}