{"mean": [0.4631549282628708, 0.7008120552067677, 0.166162977239692, 0.07176212096638163, -0.0126825719182367, -0.2058135732715465, 0.010481895445602471, -0.01158223741332084, -204.13981469216478, -14090.163516835772, -109.1825018655726, -1240.7161129788378], "scale": [0.11915419706693073, 0.15529696945091473, 0.12380334285396105, 0.04336632919383867, 0.6998129591630806, 10.747154634686593, 1.097274941963181, 0.9122629089073799, 16047.747453421041, 734881.7096314207, 8323.384893518738, 63966.968654782104]}